id_parameter,cd_parameter,cd_configuration,cd_algorithm,ds_algorithm,cd_function,ds_function,id_device,ds_device,cd_dataset,cd_resource,nr_iterations,ds_tp_parameter,vl_dataset_row_size,vl_dataset_column_size,vl_grid_row_size,vl_grid_column_size,vl_block_row_size,vl_block_column_size,ds_status_parallelism,vl_block_size_percent_dataset,ds_resource,nr_nodes,nr_computing_units_cpu,nr_computing_units_gpu,vl_memory_per_cpu_computing_unit,vl_memory_per_gpu_computing_unit,ds_dataset,vl_dataset_memory_size,ds_data_type,vl_data_type_memory_size,vl_dataset_size,vl_dataset_row_size,vl_dataset_column_size,nr_random_state
1,1,1,1,KMEANS,1,_PARTIAL_SUM,1,CPU,1,1,5,VAR_BLOCK_CAPACITY_SIZE,2500,1,4,2500,625,1,,0.25,MINOTAURO_1,2,8,1,128000000000,12000000000,SYNTHETIC_SMALL_10KB_1,10000,FLOAT32,4,2500,2500,1,170
2,1,2,1,KMEANS,1,_PARTIAL_SUM,2,GPU,1,1,5,VAR_BLOCK_CAPACITY_SIZE,2500,1,4,2500,625,1,,0.25,MINOTAURO_1,2,8,1,128000000000,12000000000,SYNTHETIC_SMALL_10KB_1,10000,FLOAT32,4,2500,2500,1,170
3,2,1,1,KMEANS,1,_PARTIAL_SUM,1,CPU,2,1,5,VAR_BLOCK_CAPACITY_SIZE,250,10,4,84,63,3,,0.25,MINOTAURO_1,2,8,1,128000000000,12000000000,SYNTHETIC_SMALL_10KB_2,10000,FLOAT32,4,2500,250,10,170
4,2,2,1,KMEANS,1,_PARTIAL_SUM,2,GPU,2,1,5,VAR_BLOCK_CAPACITY_SIZE,250,10,4,84,63,3,,0.25,MINOTAURO_1,2,8,1,128000000000,12000000000,SYNTHETIC_SMALL_10KB_2,10000,FLOAT32,4,2500,250,10,170
5,3,1,1,KMEANS,1,_PARTIAL_SUM,1,CPU,3,1,5,VAR_BLOCK_CAPACITY_SIZE,25,100,4,1,7,25,,0.25,MINOTAURO_1,2,8,1,128000000000,12000000000,SYNTHETIC_SMALL_10KB_3,10000,FLOAT32,4,2500,25,100,170
6,3,2,1,KMEANS,1,_PARTIAL_SUM,2,GPU,3,1,5,VAR_BLOCK_CAPACITY_SIZE,25,100,4,1,7,25,,0.25,MINOTAURO_1,2,8,1,128000000000,12000000000,SYNTHETIC_SMALL_10KB_3,10000,FLOAT32,4,2500,25,100,170
7,4,1,1,KMEANS,1,_PARTIAL_SUM,1,CPU,4,1,5,VAR_BLOCK_CAPACITY_SIZE,50,50,4,4,13,13,,0.25,MINOTAURO_1,2,8,1,128000000000,12000000000,SYNTHETIC_SMALL_10KB_4,10000,FLOAT32,4,2500,50,50,170
8,4,2,1,KMEANS,1,_PARTIAL_SUM,2,GPU,4,1,5,VAR_BLOCK_CAPACITY_SIZE,50,50,4,4,13,13,,0.25,MINOTAURO_1,2,8,1,128000000000,12000000000,SYNTHETIC_SMALL_10KB_4,10000,FLOAT32,4,2500,50,50,170
9,5,1,1,KMEANS,1,_PARTIAL_SUM,1,CPU,5,1,5,VAR_BLOCK_CAPACITY_SIZE,2500000,1,4,2500000,625000,1,,0.25,MINOTAURO_1,2,8,1,128000000000,12000000000,SYNTHETIC_MEDIUM_10MB_1,10000000,FLOAT32,4,2500000,2500000,1,170
10,5,2,1,KMEANS,1,_PARTIAL_SUM,2,GPU,5,1,5,VAR_BLOCK_CAPACITY_SIZE,2500000,1,4,2500000,625000,1,,0.25,MINOTAURO_1,2,8,1,128000000000,12000000000,SYNTHETIC_MEDIUM_10MB_1,10000000,FLOAT32,4,2500000,2500000,1,170
11,6,1,1,KMEANS,1,_PARTIAL_SUM,1,CPU,6,1,5,VAR_BLOCK_CAPACITY_SIZE,250000,10,4,83334,62500,3,,0.25,MINOTAURO_1,2,8,1,128000000000,12000000000,SYNTHETIC_MEDIUM_10MB_2,10000000,FLOAT32,4,2500000,250000,10,170
12,6,2,1,KMEANS,1,_PARTIAL_SUM,2,GPU,6,1,5,VAR_BLOCK_CAPACITY_SIZE,250000,10,4,83334,62500,3,,0.25,MINOTAURO_1,2,8,1,128000000000,12000000000,SYNTHETIC_MEDIUM_10MB_2,10000000,FLOAT32,4,2500000,250000,10,170
13,7,1,1,KMEANS,1,_PARTIAL_SUM,1,CPU,7,1,5,VAR_BLOCK_CAPACITY_SIZE,25000,100,4,1000,6250,25,,0.25,MINOTAURO_1,2,8,1,128000000000,12000000000,SYNTHETIC_MEDIUM_10MB_3,10000000,FLOAT32,4,2500000,25000,100,170
14,7,2,1,KMEANS,1,_PARTIAL_SUM,2,GPU,7,1,5,VAR_BLOCK_CAPACITY_SIZE,25000,100,4,1000,6250,25,,0.25,MINOTAURO_1,2,8,1,128000000000,12000000000,SYNTHETIC_MEDIUM_10MB_3,10000000,FLOAT32,4,2500000,25000,100,170
15,8,1,1,KMEANS,1,_PARTIAL_SUM,1,CPU,8,1,5,VAR_BLOCK_CAPACITY_SIZE,1581,1581,4,4,396,396,,0.25,MINOTAURO_1,2,8,1,128000000000,12000000000,SYNTHETIC_MEDIUM_10MB_4,10000000,FLOAT32,4,2499561,1581,1581,170
16,8,2,1,KMEANS,1,_PARTIAL_SUM,2,GPU,8,1,5,VAR_BLOCK_CAPACITY_SIZE,1581,1581,4,4,396,396,,0.25,MINOTAURO_1,2,8,1,128000000000,12000000000,SYNTHETIC_MEDIUM_10MB_4,10000000,FLOAT32,4,2499561,1581,1581,170
17,9,1,1,KMEANS,1,_PARTIAL_SUM,1,CPU,9,1,5,VAR_BLOCK_CAPACITY_SIZE,2500000000,1,4,2500000000,625000000,1,,0.25,MINOTAURO_1,2,8,1,128000000000,12000000000,SYNTHETIC_BIG_10GB_1,10000000000,FLOAT32,4,2500000000,2500000000,1,170
18,9,2,1,KMEANS,1,_PARTIAL_SUM,2,GPU,9,1,5,VAR_BLOCK_CAPACITY_SIZE,2500000000,1,4,2500000000,625000000,1,,0.25,MINOTAURO_1,2,8,1,128000000000,12000000000,SYNTHETIC_BIG_10GB_1,10000000000,FLOAT32,4,2500000000,2500000000,1,170
19,10,1,1,KMEANS,1,_PARTIAL_SUM,1,CPU,10,1,5,VAR_BLOCK_CAPACITY_SIZE,250000000,10,4,83333334,62500000,3,,0.25,MINOTAURO_1,2,8,1,128000000000,12000000000,SYNTHETIC_BIG_10GB_2,10000000000,FLOAT32,4,2500000000,250000000,10,170
20,10,2,1,KMEANS,1,_PARTIAL_SUM,2,GPU,10,1,5,VAR_BLOCK_CAPACITY_SIZE,250000000,10,4,83333334,62500000,3,,0.25,MINOTAURO_1,2,8,1,128000000000,12000000000,SYNTHETIC_BIG_10GB_2,10000000000,FLOAT32,4,2500000000,250000000,10,170
21,11,1,1,KMEANS,1,_PARTIAL_SUM,1,CPU,11,1,5,VAR_BLOCK_CAPACITY_SIZE,25000000,100,4,1000000,6250000,25,,0.25,MINOTAURO_1,2,8,1,128000000000,12000000000,SYNTHETIC_BIG_10GB_3,10000000000,FLOAT32,4,2500000000,25000000,100,170
22,11,2,1,KMEANS,1,_PARTIAL_SUM,2,GPU,11,1,5,VAR_BLOCK_CAPACITY_SIZE,25000000,100,4,1000000,6250000,25,,0.25,MINOTAURO_1,2,8,1,128000000000,12000000000,SYNTHETIC_BIG_10GB_3,10000000000,FLOAT32,4,2500000000,25000000,100,170
23,12,1,1,KMEANS,1,_PARTIAL_SUM,1,CPU,12,1,5,VAR_BLOCK_CAPACITY_SIZE,50000,50000,4,4,12500,12500,,0.25,MINOTAURO_1,2,8,1,128000000000,12000000000,SYNTHETIC_BIG_10GB_4,10000000000,FLOAT32,4,2500000000,50000,50000,170
24,12,2,1,KMEANS,1,_PARTIAL_SUM,2,GPU,12,1,5,VAR_BLOCK_CAPACITY_SIZE,50000,50000,4,4,12500,12500,,0.25,MINOTAURO_1,2,8,1,128000000000,12000000000,SYNTHETIC_BIG_10GB_4,10000000000,FLOAT32,4,2500000000,50000,50000,170
25,13,1,1,KMEANS,1,_PARTIAL_SUM,1,CPU,1,1,5,VAR_BLOCK_CAPACITY_SIZE,2500,1,2,2500,1250,1,,0.5,MINOTAURO_1,2,8,1,128000000000,12000000000,SYNTHETIC_SMALL_10KB_1,10000,FLOAT32,4,2500,2500,1,170
26,13,2,1,KMEANS,1,_PARTIAL_SUM,2,GPU,1,1,5,VAR_BLOCK_CAPACITY_SIZE,2500,1,2,2500,1250,1,,0.5,MINOTAURO_1,2,8,1,128000000000,12000000000,SYNTHETIC_SMALL_10KB_1,10000,FLOAT32,4,2500,2500,1,170
27,14,1,1,KMEANS,1,_PARTIAL_SUM,1,CPU,2,1,5,VAR_BLOCK_CAPACITY_SIZE,250,10,2,50,125,5,,0.5,MINOTAURO_1,2,8,1,128000000000,12000000000,SYNTHETIC_SMALL_10KB_2,10000,FLOAT32,4,2500,250,10,170
28,14,2,1,KMEANS,1,_PARTIAL_SUM,2,GPU,2,1,5,VAR_BLOCK_CAPACITY_SIZE,250,10,2,50,125,5,,0.5,MINOTAURO_1,2,8,1,128000000000,12000000000,SYNTHETIC_SMALL_10KB_2,10000,FLOAT32,4,2500,250,10,170
29,15,1,1,KMEANS,1,_PARTIAL_SUM,1,CPU,3,1,5,VAR_BLOCK_CAPACITY_SIZE,25,100,2,1,13,50,,0.5,MINOTAURO_1,2,8,1,128000000000,12000000000,SYNTHETIC_SMALL_10KB_3,10000,FLOAT32,4,2500,25,100,170
30,15,2,1,KMEANS,1,_PARTIAL_SUM,2,GPU,3,1,5,VAR_BLOCK_CAPACITY_SIZE,25,100,2,1,13,50,,0.5,MINOTAURO_1,2,8,1,128000000000,12000000000,SYNTHETIC_SMALL_10KB_3,10000,FLOAT32,4,2500,25,100,170
31,16,1,1,KMEANS,1,_PARTIAL_SUM,1,CPU,4,1,5,VAR_BLOCK_CAPACITY_SIZE,50,50,2,2,25,25,,0.5,MINOTAURO_1,2,8,1,128000000000,12000000000,SYNTHETIC_SMALL_10KB_4,10000,FLOAT32,4,2500,50,50,170
32,16,2,1,KMEANS,1,_PARTIAL_SUM,2,GPU,4,1,5,VAR_BLOCK_CAPACITY_SIZE,50,50,2,2,25,25,,0.5,MINOTAURO_1,2,8,1,128000000000,12000000000,SYNTHETIC_SMALL_10KB_4,10000,FLOAT32,4,2500,50,50,170
33,17,1,1,KMEANS,1,_PARTIAL_SUM,1,CPU,5,1,5,VAR_BLOCK_CAPACITY_SIZE,2500000,1,2,2500000,1250000,1,,0.5,MINOTAURO_1,2,8,1,128000000000,12000000000,SYNTHETIC_MEDIUM_10MB_1,10000000,FLOAT32,4,2500000,2500000,1,170
34,17,2,1,KMEANS,1,_PARTIAL_SUM,2,GPU,5,1,5,VAR_BLOCK_CAPACITY_SIZE,2500000,1,2,2500000,1250000,1,,0.5,MINOTAURO_1,2,8,1,128000000000,12000000000,SYNTHETIC_MEDIUM_10MB_1,10000000,FLOAT32,4,2500000,2500000,1,170
35,18,1,1,KMEANS,1,_PARTIAL_SUM,1,CPU,6,1,5,VAR_BLOCK_CAPACITY_SIZE,250000,10,2,50000,125000,5,,0.5,MINOTAURO_1,2,8,1,128000000000,12000000000,SYNTHETIC_MEDIUM_10MB_2,10000000,FLOAT32,4,2500000,250000,10,170
36,18,2,1,KMEANS,1,_PARTIAL_SUM,2,GPU,6,1,5,VAR_BLOCK_CAPACITY_SIZE,250000,10,2,50000,125000,5,,0.5,MINOTAURO_1,2,8,1,128000000000,12000000000,SYNTHETIC_MEDIUM_10MB_2,10000000,FLOAT32,4,2500000,250000,10,170
37,19,1,1,KMEANS,1,_PARTIAL_SUM,1,CPU,7,1,5,VAR_BLOCK_CAPACITY_SIZE,25000,100,2,500,12500,50,,0.5,MINOTAURO_1,2,8,1,128000000000,12000000000,SYNTHETIC_MEDIUM_10MB_3,10000000,FLOAT32,4,2500000,25000,100,170
38,19,2,1,KMEANS,1,_PARTIAL_SUM,2,GPU,7,1,5,VAR_BLOCK_CAPACITY_SIZE,25000,100,2,500,12500,50,,0.5,MINOTAURO_1,2,8,1,128000000000,12000000000,SYNTHETIC_MEDIUM_10MB_3,10000000,FLOAT32,4,2500000,25000,100,170
39,20,1,1,KMEANS,1,_PARTIAL_SUM,1,CPU,8,1,5,VAR_BLOCK_CAPACITY_SIZE,1581,1581,2,2,791,791,,0.5,MINOTAURO_1,2,8,1,128000000000,12000000000,SYNTHETIC_MEDIUM_10MB_4,10000000,FLOAT32,4,2499561,1581,1581,170
40,20,2,1,KMEANS,1,_PARTIAL_SUM,2,GPU,8,1,5,VAR_BLOCK_CAPACITY_SIZE,1581,1581,2,2,791,791,,0.5,MINOTAURO_1,2,8,1,128000000000,12000000000,SYNTHETIC_MEDIUM_10MB_4,10000000,FLOAT32,4,2499561,1581,1581,170
41,21,1,1,KMEANS,1,_PARTIAL_SUM,1,CPU,9,1,5,VAR_BLOCK_CAPACITY_SIZE,2500000000,1,2,2500000000,1250000000,1,,0.5,MINOTAURO_1,2,8,1,128000000000,12000000000,SYNTHETIC_BIG_10GB_1,10000000000,FLOAT32,4,2500000000,2500000000,1,170
42,21,2,1,KMEANS,1,_PARTIAL_SUM,2,GPU,9,1,5,VAR_BLOCK_CAPACITY_SIZE,2500000000,1,2,2500000000,1250000000,1,,0.5,MINOTAURO_1,2,8,1,128000000000,12000000000,SYNTHETIC_BIG_10GB_1,10000000000,FLOAT32,4,2500000000,2500000000,1,170
43,22,1,1,KMEANS,1,_PARTIAL_SUM,1,CPU,10,1,5,VAR_BLOCK_CAPACITY_SIZE,250000000,10,2,50000000,125000000,5,,0.5,MINOTAURO_1,2,8,1,128000000000,12000000000,SYNTHETIC_BIG_10GB_2,10000000000,FLOAT32,4,2500000000,250000000,10,170
44,22,2,1,KMEANS,1,_PARTIAL_SUM,2,GPU,10,1,5,VAR_BLOCK_CAPACITY_SIZE,250000000,10,2,50000000,125000000,5,,0.5,MINOTAURO_1,2,8,1,128000000000,12000000000,SYNTHETIC_BIG_10GB_2,10000000000,FLOAT32,4,2500000000,250000000,10,170
45,23,1,1,KMEANS,1,_PARTIAL_SUM,1,CPU,11,1,5,VAR_BLOCK_CAPACITY_SIZE,25000000,100,2,500000,12500000,50,,0.5,MINOTAURO_1,2,8,1,128000000000,12000000000,SYNTHETIC_BIG_10GB_3,10000000000,FLOAT32,4,2500000000,25000000,100,170
46,23,2,1,KMEANS,1,_PARTIAL_SUM,2,GPU,11,1,5,VAR_BLOCK_CAPACITY_SIZE,25000000,100,2,500000,12500000,50,,0.5,MINOTAURO_1,2,8,1,128000000000,12000000000,SYNTHETIC_BIG_10GB_3,10000000000,FLOAT32,4,2500000000,25000000,100,170
47,24,1,1,KMEANS,1,_PARTIAL_SUM,1,CPU,12,1,5,VAR_BLOCK_CAPACITY_SIZE,50000,50000,2,2,25000,25000,,0.5,MINOTAURO_1,2,8,1,128000000000,12000000000,SYNTHETIC_BIG_10GB_4,10000000000,FLOAT32,4,2500000000,50000,50000,170
48,24,2,1,KMEANS,1,_PARTIAL_SUM,2,GPU,12,1,5,VAR_BLOCK_CAPACITY_SIZE,50000,50000,2,2,25000,25000,,0.5,MINOTAURO_1,2,8,1,128000000000,12000000000,SYNTHETIC_BIG_10GB_4,10000000000,FLOAT32,4,2500000000,50000,50000,170
49,25,1,1,KMEANS,1,_PARTIAL_SUM,1,CPU,1,1,5,VAR_BLOCK_CAPACITY_SIZE,2500,1,2,2500,1875,1,,0.75,MINOTAURO_1,2,8,1,128000000000,12000000000,SYNTHETIC_SMALL_10KB_1,10000,FLOAT32,4,2500,2500,1,170
50,25,2,1,KMEANS,1,_PARTIAL_SUM,2,GPU,1,1,5,VAR_BLOCK_CAPACITY_SIZE,2500,1,2,2500,1875,1,,0.75,MINOTAURO_1,2,8,1,128000000000,12000000000,SYNTHETIC_SMALL_10KB_1,10000,FLOAT32,4,2500,2500,1,170
51,26,1,1,KMEANS,1,_PARTIAL_SUM,1,CPU,2,1,5,VAR_BLOCK_CAPACITY_SIZE,250,10,2,32,188,8,,0.75,MINOTAURO_1,2,8,1,128000000000,12000000000,SYNTHETIC_SMALL_10KB_2,10000,FLOAT32,4,2500,250,10,170
52,26,2,1,KMEANS,1,_PARTIAL_SUM,2,GPU,2,1,5,VAR_BLOCK_CAPACITY_SIZE,250,10,2,32,188,8,,0.75,MINOTAURO_1,2,8,1,128000000000,12000000000,SYNTHETIC_SMALL_10KB_2,10000,FLOAT32,4,2500,250,10,170
53,27,1,1,KMEANS,1,_PARTIAL_SUM,1,CPU,3,1,5,VAR_BLOCK_CAPACITY_SIZE,25,100,2,1,19,75,,0.75,MINOTAURO_1,2,8,1,128000000000,12000000000,SYNTHETIC_SMALL_10KB_3,10000,FLOAT32,4,2500,25,100,170
54,27,2,1,KMEANS,1,_PARTIAL_SUM,2,GPU,3,1,5,VAR_BLOCK_CAPACITY_SIZE,25,100,2,1,19,75,,0.75,MINOTAURO_1,2,8,1,128000000000,12000000000,SYNTHETIC_SMALL_10KB_3,10000,FLOAT32,4,2500,25,100,170
55,28,1,1,KMEANS,1,_PARTIAL_SUM,1,CPU,4,1,5,VAR_BLOCK_CAPACITY_SIZE,50,50,2,2,38,38,,0.75,MINOTAURO_1,2,8,1,128000000000,12000000000,SYNTHETIC_SMALL_10KB_4,10000,FLOAT32,4,2500,50,50,170
56,28,2,1,KMEANS,1,_PARTIAL_SUM,2,GPU,4,1,5,VAR_BLOCK_CAPACITY_SIZE,50,50,2,2,38,38,,0.75,MINOTAURO_1,2,8,1,128000000000,12000000000,SYNTHETIC_SMALL_10KB_4,10000,FLOAT32,4,2500,50,50,170
57,29,1,1,KMEANS,1,_PARTIAL_SUM,1,CPU,5,1,5,VAR_BLOCK_CAPACITY_SIZE,2500000,1,2,2500000,1875000,1,,0.75,MINOTAURO_1,2,8,1,128000000000,12000000000,SYNTHETIC_MEDIUM_10MB_1,10000000,FLOAT32,4,2500000,2500000,1,170
58,29,2,1,KMEANS,1,_PARTIAL_SUM,2,GPU,5,1,5,VAR_BLOCK_CAPACITY_SIZE,2500000,1,2,2500000,1875000,1,,0.75,MINOTAURO_1,2,8,1,128000000000,12000000000,SYNTHETIC_MEDIUM_10MB_1,10000000,FLOAT32,4,2500000,2500000,1,170
59,30,1,1,KMEANS,1,_PARTIAL_SUM,1,CPU,6,1,5,VAR_BLOCK_CAPACITY_SIZE,250000,10,2,31250,187500,8,,0.75,MINOTAURO_1,2,8,1,128000000000,12000000000,SYNTHETIC_MEDIUM_10MB_2,10000000,FLOAT32,4,2500000,250000,10,170
60,30,2,1,KMEANS,1,_PARTIAL_SUM,2,GPU,6,1,5,VAR_BLOCK_CAPACITY_SIZE,250000,10,2,31250,187500,8,,0.75,MINOTAURO_1,2,8,1,128000000000,12000000000,SYNTHETIC_MEDIUM_10MB_2,10000000,FLOAT32,4,2500000,250000,10,170
61,31,1,1,KMEANS,1,_PARTIAL_SUM,1,CPU,7,1,5,VAR_BLOCK_CAPACITY_SIZE,25000,100,2,334,18750,75,,0.75,MINOTAURO_1,2,8,1,128000000000,12000000000,SYNTHETIC_MEDIUM_10MB_3,10000000,FLOAT32,4,2500000,25000,100,170
62,31,2,1,KMEANS,1,_PARTIAL_SUM,2,GPU,7,1,5,VAR_BLOCK_CAPACITY_SIZE,25000,100,2,334,18750,75,,0.75,MINOTAURO_1,2,8,1,128000000000,12000000000,SYNTHETIC_MEDIUM_10MB_3,10000000,FLOAT32,4,2500000,25000,100,170
63,32,1,1,KMEANS,1,_PARTIAL_SUM,1,CPU,8,1,5,VAR_BLOCK_CAPACITY_SIZE,1581,1581,2,2,1186,1186,,0.75,MINOTAURO_1,2,8,1,128000000000,12000000000,SYNTHETIC_MEDIUM_10MB_4,10000000,FLOAT32,4,2499561,1581,1581,170
64,32,2,1,KMEANS,1,_PARTIAL_SUM,2,GPU,8,1,5,VAR_BLOCK_CAPACITY_SIZE,1581,1581,2,2,1186,1186,,0.75,MINOTAURO_1,2,8,1,128000000000,12000000000,SYNTHETIC_MEDIUM_10MB_4,10000000,FLOAT32,4,2499561,1581,1581,170
65,33,1,1,KMEANS,1,_PARTIAL_SUM,1,CPU,9,1,5,VAR_BLOCK_CAPACITY_SIZE,2500000000,1,2,2500000000,1875000000,1,,0.75,MINOTAURO_1,2,8,1,128000000000,12000000000,SYNTHETIC_BIG_10GB_1,10000000000,FLOAT32,4,2500000000,2500000000,1,170
66,33,2,1,KMEANS,1,_PARTIAL_SUM,2,GPU,9,1,5,VAR_BLOCK_CAPACITY_SIZE,2500000000,1,2,2500000000,1875000000,1,,0.75,MINOTAURO_1,2,8,1,128000000000,12000000000,SYNTHETIC_BIG_10GB_1,10000000000,FLOAT32,4,2500000000,2500000000,1,170
67,34,1,1,KMEANS,1,_PARTIAL_SUM,1,CPU,10,1,5,VAR_BLOCK_CAPACITY_SIZE,250000000,10,2,31250000,187500000,8,,0.75,MINOTAURO_1,2,8,1,128000000000,12000000000,SYNTHETIC_BIG_10GB_2,10000000000,FLOAT32,4,2500000000,250000000,10,170
68,34,2,1,KMEANS,1,_PARTIAL_SUM,2,GPU,10,1,5,VAR_BLOCK_CAPACITY_SIZE,250000000,10,2,31250000,187500000,8,,0.75,MINOTAURO_1,2,8,1,128000000000,12000000000,SYNTHETIC_BIG_10GB_2,10000000000,FLOAT32,4,2500000000,250000000,10,170
69,35,1,1,KMEANS,1,_PARTIAL_SUM,1,CPU,11,1,5,VAR_BLOCK_CAPACITY_SIZE,25000000,100,2,333334,18750000,75,,0.75,MINOTAURO_1,2,8,1,128000000000,12000000000,SYNTHETIC_BIG_10GB_3,10000000000,FLOAT32,4,2500000000,25000000,100,170
70,35,2,1,KMEANS,1,_PARTIAL_SUM,2,GPU,11,1,5,VAR_BLOCK_CAPACITY_SIZE,25000000,100,2,333334,18750000,75,,0.75,MINOTAURO_1,2,8,1,128000000000,12000000000,SYNTHETIC_BIG_10GB_3,10000000000,FLOAT32,4,2500000000,25000000,100,170
71,36,1,1,KMEANS,1,_PARTIAL_SUM,1,CPU,12,1,5,VAR_BLOCK_CAPACITY_SIZE,50000,50000,2,2,37500,37500,,0.75,MINOTAURO_1,2,8,1,128000000000,12000000000,SYNTHETIC_BIG_10GB_4,10000000000,FLOAT32,4,2500000000,50000,50000,170
72,36,2,1,KMEANS,1,_PARTIAL_SUM,2,GPU,12,1,5,VAR_BLOCK_CAPACITY_SIZE,50000,50000,2,2,37500,37500,,0.75,MINOTAURO_1,2,8,1,128000000000,12000000000,SYNTHETIC_BIG_10GB_4,10000000000,FLOAT32,4,2500000000,50000,50000,170
73,37,1,1,KMEANS,1,_PARTIAL_SUM,1,CPU,1,1,5,VAR_BLOCK_CAPACITY_SIZE,2500,1,1,2500,2500,1,,1.0,MINOTAURO_1,2,8,1,128000000000,12000000000,SYNTHETIC_SMALL_10KB_1,10000,FLOAT32,4,2500,2500,1,170
74,37,2,1,KMEANS,1,_PARTIAL_SUM,2,GPU,1,1,5,VAR_BLOCK_CAPACITY_SIZE,2500,1,1,2500,2500,1,,1.0,MINOTAURO_1,2,8,1,128000000000,12000000000,SYNTHETIC_SMALL_10KB_1,10000,FLOAT32,4,2500,2500,1,170
75,38,1,1,KMEANS,1,_PARTIAL_SUM,1,CPU,2,1,5,VAR_BLOCK_CAPACITY_SIZE,250,10,1,25,250,10,,1.0,MINOTAURO_1,2,8,1,128000000000,12000000000,SYNTHETIC_SMALL_10KB_2,10000,FLOAT32,4,2500,250,10,170
76,38,2,1,KMEANS,1,_PARTIAL_SUM,2,GPU,2,1,5,VAR_BLOCK_CAPACITY_SIZE,250,10,1,25,250,10,,1.0,MINOTAURO_1,2,8,1,128000000000,12000000000,SYNTHETIC_SMALL_10KB_2,10000,FLOAT32,4,2500,250,10,170
77,39,1,1,KMEANS,1,_PARTIAL_SUM,1,CPU,3,1,5,VAR_BLOCK_CAPACITY_SIZE,25,100,1,1,25,100,,1.0,MINOTAURO_1,2,8,1,128000000000,12000000000,SYNTHETIC_SMALL_10KB_3,10000,FLOAT32,4,2500,25,100,170
78,39,2,1,KMEANS,1,_PARTIAL_SUM,2,GPU,3,1,5,VAR_BLOCK_CAPACITY_SIZE,25,100,1,1,25,100,,1.0,MINOTAURO_1,2,8,1,128000000000,12000000000,SYNTHETIC_SMALL_10KB_3,10000,FLOAT32,4,2500,25,100,170
79,40,1,1,KMEANS,1,_PARTIAL_SUM,1,CPU,4,1,5,VAR_BLOCK_CAPACITY_SIZE,50,50,1,1,50,50,,1.0,MINOTAURO_1,2,8,1,128000000000,12000000000,SYNTHETIC_SMALL_10KB_4,10000,FLOAT32,4,2500,50,50,170
80,40,2,1,KMEANS,1,_PARTIAL_SUM,2,GPU,4,1,5,VAR_BLOCK_CAPACITY_SIZE,50,50,1,1,50,50,,1.0,MINOTAURO_1,2,8,1,128000000000,12000000000,SYNTHETIC_SMALL_10KB_4,10000,FLOAT32,4,2500,50,50,170
81,41,1,1,KMEANS,1,_PARTIAL_SUM,1,CPU,5,1,5,VAR_BLOCK_CAPACITY_SIZE,2500000,1,1,2500000,2500000,1,,1.0,MINOTAURO_1,2,8,1,128000000000,12000000000,SYNTHETIC_MEDIUM_10MB_1,10000000,FLOAT32,4,2500000,2500000,1,170
82,41,2,1,KMEANS,1,_PARTIAL_SUM,2,GPU,5,1,5,VAR_BLOCK_CAPACITY_SIZE,2500000,1,1,2500000,2500000,1,,1.0,MINOTAURO_1,2,8,1,128000000000,12000000000,SYNTHETIC_MEDIUM_10MB_1,10000000,FLOAT32,4,2500000,2500000,1,170
83,42,1,1,KMEANS,1,_PARTIAL_SUM,1,CPU,6,1,5,VAR_BLOCK_CAPACITY_SIZE,250000,10,1,25000,250000,10,,1.0,MINOTAURO_1,2,8,1,128000000000,12000000000,SYNTHETIC_MEDIUM_10MB_2,10000000,FLOAT32,4,2500000,250000,10,170
84,42,2,1,KMEANS,1,_PARTIAL_SUM,2,GPU,6,1,5,VAR_BLOCK_CAPACITY_SIZE,250000,10,1,25000,250000,10,,1.0,MINOTAURO_1,2,8,1,128000000000,12000000000,SYNTHETIC_MEDIUM_10MB_2,10000000,FLOAT32,4,2500000,250000,10,170
85,43,1,1,KMEANS,1,_PARTIAL_SUM,1,CPU,7,1,5,VAR_BLOCK_CAPACITY_SIZE,25000,100,1,250,25000,100,,1.0,MINOTAURO_1,2,8,1,128000000000,12000000000,SYNTHETIC_MEDIUM_10MB_3,10000000,FLOAT32,4,2500000,25000,100,170
86,43,2,1,KMEANS,1,_PARTIAL_SUM,2,GPU,7,1,5,VAR_BLOCK_CAPACITY_SIZE,25000,100,1,250,25000,100,,1.0,MINOTAURO_1,2,8,1,128000000000,12000000000,SYNTHETIC_MEDIUM_10MB_3,10000000,FLOAT32,4,2500000,25000,100,170
87,44,1,1,KMEANS,1,_PARTIAL_SUM,1,CPU,8,1,5,VAR_BLOCK_CAPACITY_SIZE,1581,1581,1,1,1581,1581,,1.0,MINOTAURO_1,2,8,1,128000000000,12000000000,SYNTHETIC_MEDIUM_10MB_4,10000000,FLOAT32,4,2499561,1581,1581,170
88,44,2,1,KMEANS,1,_PARTIAL_SUM,2,GPU,8,1,5,VAR_BLOCK_CAPACITY_SIZE,1581,1581,1,1,1581,1581,,1.0,MINOTAURO_1,2,8,1,128000000000,12000000000,SYNTHETIC_MEDIUM_10MB_4,10000000,FLOAT32,4,2499561,1581,1581,170
89,45,1,1,KMEANS,1,_PARTIAL_SUM,1,CPU,9,1,5,VAR_BLOCK_CAPACITY_SIZE,2500000000,1,1,2500000000,2500000000,1,,1.0,MINOTAURO_1,2,8,1,128000000000,12000000000,SYNTHETIC_BIG_10GB_1,10000000000,FLOAT32,4,2500000000,2500000000,1,170
90,45,2,1,KMEANS,1,_PARTIAL_SUM,2,GPU,9,1,5,VAR_BLOCK_CAPACITY_SIZE,2500000000,1,1,2500000000,2500000000,1,,1.0,MINOTAURO_1,2,8,1,128000000000,12000000000,SYNTHETIC_BIG_10GB_1,10000000000,FLOAT32,4,2500000000,2500000000,1,170
91,46,1,1,KMEANS,1,_PARTIAL_SUM,1,CPU,10,1,5,VAR_BLOCK_CAPACITY_SIZE,250000000,10,1,25000000,250000000,10,,1.0,MINOTAURO_1,2,8,1,128000000000,12000000000,SYNTHETIC_BIG_10GB_2,10000000000,FLOAT32,4,2500000000,250000000,10,170
92,46,2,1,KMEANS,1,_PARTIAL_SUM,2,GPU,10,1,5,VAR_BLOCK_CAPACITY_SIZE,250000000,10,1,25000000,250000000,10,,1.0,MINOTAURO_1,2,8,1,128000000000,12000000000,SYNTHETIC_BIG_10GB_2,10000000000,FLOAT32,4,2500000000,250000000,10,170
93,47,1,1,KMEANS,1,_PARTIAL_SUM,1,CPU,11,1,5,VAR_BLOCK_CAPACITY_SIZE,25000000,100,1,250000,25000000,100,,1.0,MINOTAURO_1,2,8,1,128000000000,12000000000,SYNTHETIC_BIG_10GB_3,10000000000,FLOAT32,4,2500000000,25000000,100,170
94,47,2,1,KMEANS,1,_PARTIAL_SUM,2,GPU,11,1,5,VAR_BLOCK_CAPACITY_SIZE,25000000,100,1,250000,25000000,100,,1.0,MINOTAURO_1,2,8,1,128000000000,12000000000,SYNTHETIC_BIG_10GB_3,10000000000,FLOAT32,4,2500000000,25000000,100,170
95,48,1,1,KMEANS,1,_PARTIAL_SUM,1,CPU,12,1,5,VAR_BLOCK_CAPACITY_SIZE,50000,50000,1,1,50000,50000,,1.0,MINOTAURO_1,2,8,1,128000000000,12000000000,SYNTHETIC_BIG_10GB_4,10000000000,FLOAT32,4,2500000000,50000,50000,170
96,48,2,1,KMEANS,1,_PARTIAL_SUM,2,GPU,12,1,5,VAR_BLOCK_CAPACITY_SIZE,50000,50000,1,1,50000,50000,,1.0,MINOTAURO_1,2,8,1,128000000000,12000000000,SYNTHETIC_BIG_10GB_4,10000000000,FLOAT32,4,2500000000,50000,50000,170
97,49,1,1,KMEANS,1,_PARTIAL_SUM,1,CPU,1,1,5,VAR_PARALLELISM_LEVEL,2500,1,1,1,2500,1,MIN_INTER_MAX_INTRA,,MINOTAURO_1,2,8,1,128000000000,12000000000,SYNTHETIC_SMALL_10KB_1,10000,FLOAT32,4,2500,2500,1,170
98,49,2,1,KMEANS,1,_PARTIAL_SUM,2,GPU,1,1,5,VAR_PARALLELISM_LEVEL,2500,1,1,1,2500,1,MIN_INTER_MAX_INTRA,,MINOTAURO_1,2,8,1,128000000000,12000000000,SYNTHETIC_SMALL_10KB_1,10000,FLOAT32,4,2500,2500,1,170
99,50,1,1,KMEANS,1,_PARTIAL_SUM,1,CPU,2,1,5,VAR_PARALLELISM_LEVEL,250,10,1,1,250,10,MIN_INTER_MAX_INTRA,,MINOTAURO_1,2,8,1,128000000000,12000000000,SYNTHETIC_SMALL_10KB_2,10000,FLOAT32,4,2500,250,10,170
100,50,2,1,KMEANS,1,_PARTIAL_SUM,2,GPU,2,1,5,VAR_PARALLELISM_LEVEL,250,10,1,1,250,10,MIN_INTER_MAX_INTRA,,MINOTAURO_1,2,8,1,128000000000,12000000000,SYNTHETIC_SMALL_10KB_2,10000,FLOAT32,4,2500,250,10,170
101,51,1,1,KMEANS,1,_PARTIAL_SUM,1,CPU,3,1,5,VAR_PARALLELISM_LEVEL,25,100,1,1,25,100,MIN_INTER_MAX_INTRA,,MINOTAURO_1,2,8,1,128000000000,12000000000,SYNTHETIC_SMALL_10KB_3,10000,FLOAT32,4,2500,25,100,170
102,51,2,1,KMEANS,1,_PARTIAL_SUM,2,GPU,3,1,5,VAR_PARALLELISM_LEVEL,25,100,1,1,25,100,MIN_INTER_MAX_INTRA,,MINOTAURO_1,2,8,1,128000000000,12000000000,SYNTHETIC_SMALL_10KB_3,10000,FLOAT32,4,2500,25,100,170
103,52,1,1,KMEANS,1,_PARTIAL_SUM,1,CPU,4,1,5,VAR_PARALLELISM_LEVEL,50,50,1,1,50,50,MIN_INTER_MAX_INTRA,,MINOTAURO_1,2,8,1,128000000000,12000000000,SYNTHETIC_SMALL_10KB_4,10000,FLOAT32,4,2500,50,50,170
104,52,2,1,KMEANS,1,_PARTIAL_SUM,2,GPU,4,1,5,VAR_PARALLELISM_LEVEL,50,50,1,1,50,50,MIN_INTER_MAX_INTRA,,MINOTAURO_1,2,8,1,128000000000,12000000000,SYNTHETIC_SMALL_10KB_4,10000,FLOAT32,4,2500,50,50,170
105,53,1,1,KMEANS,1,_PARTIAL_SUM,1,CPU,5,1,5,VAR_PARALLELISM_LEVEL,2500000,1,1,1,2500000,1,MIN_INTER_MAX_INTRA,,MINOTAURO_1,2,8,1,128000000000,12000000000,SYNTHETIC_MEDIUM_10MB_1,10000000,FLOAT32,4,2500000,2500000,1,170
106,53,2,1,KMEANS,1,_PARTIAL_SUM,2,GPU,5,1,5,VAR_PARALLELISM_LEVEL,2500000,1,1,1,2500000,1,MIN_INTER_MAX_INTRA,,MINOTAURO_1,2,8,1,128000000000,12000000000,SYNTHETIC_MEDIUM_10MB_1,10000000,FLOAT32,4,2500000,2500000,1,170
107,54,1,1,KMEANS,1,_PARTIAL_SUM,1,CPU,6,1,5,VAR_PARALLELISM_LEVEL,250000,10,1,1,250000,10,MIN_INTER_MAX_INTRA,,MINOTAURO_1,2,8,1,128000000000,12000000000,SYNTHETIC_MEDIUM_10MB_2,10000000,FLOAT32,4,2500000,250000,10,170
108,54,2,1,KMEANS,1,_PARTIAL_SUM,2,GPU,6,1,5,VAR_PARALLELISM_LEVEL,250000,10,1,1,250000,10,MIN_INTER_MAX_INTRA,,MINOTAURO_1,2,8,1,128000000000,12000000000,SYNTHETIC_MEDIUM_10MB_2,10000000,FLOAT32,4,2500000,250000,10,170
109,55,1,1,KMEANS,1,_PARTIAL_SUM,1,CPU,7,1,5,VAR_PARALLELISM_LEVEL,25000,100,1,1,25000,100,MIN_INTER_MAX_INTRA,,MINOTAURO_1,2,8,1,128000000000,12000000000,SYNTHETIC_MEDIUM_10MB_3,10000000,FLOAT32,4,2500000,25000,100,170
110,55,2,1,KMEANS,1,_PARTIAL_SUM,2,GPU,7,1,5,VAR_PARALLELISM_LEVEL,25000,100,1,1,25000,100,MIN_INTER_MAX_INTRA,,MINOTAURO_1,2,8,1,128000000000,12000000000,SYNTHETIC_MEDIUM_10MB_3,10000000,FLOAT32,4,2500000,25000,100,170
111,56,1,1,KMEANS,1,_PARTIAL_SUM,1,CPU,8,1,5,VAR_PARALLELISM_LEVEL,1581,1581,1,1,1581,1581,MIN_INTER_MAX_INTRA,,MINOTAURO_1,2,8,1,128000000000,12000000000,SYNTHETIC_MEDIUM_10MB_4,10000000,FLOAT32,4,2499561,1581,1581,170
112,56,2,1,KMEANS,1,_PARTIAL_SUM,2,GPU,8,1,5,VAR_PARALLELISM_LEVEL,1581,1581,1,1,1581,1581,MIN_INTER_MAX_INTRA,,MINOTAURO_1,2,8,1,128000000000,12000000000,SYNTHETIC_MEDIUM_10MB_4,10000000,FLOAT32,4,2499561,1581,1581,170
113,57,1,1,KMEANS,1,_PARTIAL_SUM,1,CPU,9,1,5,VAR_PARALLELISM_LEVEL,2500000000,1,1,1,2500000000,1,MIN_INTER_MAX_INTRA,,MINOTAURO_1,2,8,1,128000000000,12000000000,SYNTHETIC_BIG_10GB_1,10000000000,FLOAT32,4,2500000000,2500000000,1,170
114,57,2,1,KMEANS,1,_PARTIAL_SUM,2,GPU,9,1,5,VAR_PARALLELISM_LEVEL,2500000000,1,1,1,2500000000,1,MIN_INTER_MAX_INTRA,,MINOTAURO_1,2,8,1,128000000000,12000000000,SYNTHETIC_BIG_10GB_1,10000000000,FLOAT32,4,2500000000,2500000000,1,170
115,58,1,1,KMEANS,1,_PARTIAL_SUM,1,CPU,10,1,5,VAR_PARALLELISM_LEVEL,250000000,10,1,1,250000000,10,MIN_INTER_MAX_INTRA,,MINOTAURO_1,2,8,1,128000000000,12000000000,SYNTHETIC_BIG_10GB_2,10000000000,FLOAT32,4,2500000000,250000000,10,170
116,58,2,1,KMEANS,1,_PARTIAL_SUM,2,GPU,10,1,5,VAR_PARALLELISM_LEVEL,250000000,10,1,1,250000000,10,MIN_INTER_MAX_INTRA,,MINOTAURO_1,2,8,1,128000000000,12000000000,SYNTHETIC_BIG_10GB_2,10000000000,FLOAT32,4,2500000000,250000000,10,170
117,59,1,1,KMEANS,1,_PARTIAL_SUM,1,CPU,11,1,5,VAR_PARALLELISM_LEVEL,25000000,100,1,1,25000000,100,MIN_INTER_MAX_INTRA,,MINOTAURO_1,2,8,1,128000000000,12000000000,SYNTHETIC_BIG_10GB_3,10000000000,FLOAT32,4,2500000000,25000000,100,170
118,59,2,1,KMEANS,1,_PARTIAL_SUM,2,GPU,11,1,5,VAR_PARALLELISM_LEVEL,25000000,100,1,1,25000000,100,MIN_INTER_MAX_INTRA,,MINOTAURO_1,2,8,1,128000000000,12000000000,SYNTHETIC_BIG_10GB_3,10000000000,FLOAT32,4,2500000000,25000000,100,170
119,60,1,1,KMEANS,1,_PARTIAL_SUM,1,CPU,12,1,5,VAR_PARALLELISM_LEVEL,50000,50000,1,1,50000,50000,MIN_INTER_MAX_INTRA,,MINOTAURO_1,2,8,1,128000000000,12000000000,SYNTHETIC_BIG_10GB_4,10000000000,FLOAT32,4,2500000000,50000,50000,170
120,60,2,1,KMEANS,1,_PARTIAL_SUM,2,GPU,12,1,5,VAR_PARALLELISM_LEVEL,50000,50000,1,1,50000,50000,MIN_INTER_MAX_INTRA,,MINOTAURO_1,2,8,1,128000000000,12000000000,SYNTHETIC_BIG_10GB_4,10000000000,FLOAT32,4,2500000000,50000,50000,170
121,61,1,1,KMEANS,1,_PARTIAL_SUM,1,CPU,1,1,5,VAR_PARALLELISM_LEVEL,2500,1,2500,1,1,1,MAX_INTER_MIN_INTRA,,MINOTAURO_1,2,8,1,128000000000,12000000000,SYNTHETIC_SMALL_10KB_1,10000,FLOAT32,4,2500,2500,1,170
122,61,2,1,KMEANS,1,_PARTIAL_SUM,2,GPU,1,1,5,VAR_PARALLELISM_LEVEL,2500,1,2500,1,1,1,MAX_INTER_MIN_INTRA,,MINOTAURO_1,2,8,1,128000000000,12000000000,SYNTHETIC_SMALL_10KB_1,10000,FLOAT32,4,2500,2500,1,170
123,62,1,1,KMEANS,1,_PARTIAL_SUM,1,CPU,2,1,5,VAR_PARALLELISM_LEVEL,250,10,250,10,1,1,MAX_INTER_MIN_INTRA,,MINOTAURO_1,2,8,1,128000000000,12000000000,SYNTHETIC_SMALL_10KB_2,10000,FLOAT32,4,2500,250,10,170
124,62,2,1,KMEANS,1,_PARTIAL_SUM,2,GPU,2,1,5,VAR_PARALLELISM_LEVEL,250,10,250,10,1,1,MAX_INTER_MIN_INTRA,,MINOTAURO_1,2,8,1,128000000000,12000000000,SYNTHETIC_SMALL_10KB_2,10000,FLOAT32,4,2500,250,10,170
125,63,1,1,KMEANS,1,_PARTIAL_SUM,1,CPU,3,1,5,VAR_PARALLELISM_LEVEL,25,100,25,100,1,1,MAX_INTER_MIN_INTRA,,MINOTAURO_1,2,8,1,128000000000,12000000000,SYNTHETIC_SMALL_10KB_3,10000,FLOAT32,4,2500,25,100,170
126,63,2,1,KMEANS,1,_PARTIAL_SUM,2,GPU,3,1,5,VAR_PARALLELISM_LEVEL,25,100,25,100,1,1,MAX_INTER_MIN_INTRA,,MINOTAURO_1,2,8,1,128000000000,12000000000,SYNTHETIC_SMALL_10KB_3,10000,FLOAT32,4,2500,25,100,170
127,64,1,1,KMEANS,1,_PARTIAL_SUM,1,CPU,4,1,5,VAR_PARALLELISM_LEVEL,50,50,50,50,1,1,MAX_INTER_MIN_INTRA,,MINOTAURO_1,2,8,1,128000000000,12000000000,SYNTHETIC_SMALL_10KB_4,10000,FLOAT32,4,2500,50,50,170
128,64,2,1,KMEANS,1,_PARTIAL_SUM,2,GPU,4,1,5,VAR_PARALLELISM_LEVEL,50,50,50,50,1,1,MAX_INTER_MIN_INTRA,,MINOTAURO_1,2,8,1,128000000000,12000000000,SYNTHETIC_SMALL_10KB_4,10000,FLOAT32,4,2500,50,50,170
129,65,1,1,KMEANS,1,_PARTIAL_SUM,1,CPU,5,1,5,VAR_PARALLELISM_LEVEL,2500000,1,2500000,1,1,1,MAX_INTER_MIN_INTRA,,MINOTAURO_1,2,8,1,128000000000,12000000000,SYNTHETIC_MEDIUM_10MB_1,10000000,FLOAT32,4,2500000,2500000,1,170
130,65,2,1,KMEANS,1,_PARTIAL_SUM,2,GPU,5,1,5,VAR_PARALLELISM_LEVEL,2500000,1,2500000,1,1,1,MAX_INTER_MIN_INTRA,,MINOTAURO_1,2,8,1,128000000000,12000000000,SYNTHETIC_MEDIUM_10MB_1,10000000,FLOAT32,4,2500000,2500000,1,170
131,66,1,1,KMEANS,1,_PARTIAL_SUM,1,CPU,6,1,5,VAR_PARALLELISM_LEVEL,250000,10,250000,10,1,1,MAX_INTER_MIN_INTRA,,MINOTAURO_1,2,8,1,128000000000,12000000000,SYNTHETIC_MEDIUM_10MB_2,10000000,FLOAT32,4,2500000,250000,10,170
132,66,2,1,KMEANS,1,_PARTIAL_SUM,2,GPU,6,1,5,VAR_PARALLELISM_LEVEL,250000,10,250000,10,1,1,MAX_INTER_MIN_INTRA,,MINOTAURO_1,2,8,1,128000000000,12000000000,SYNTHETIC_MEDIUM_10MB_2,10000000,FLOAT32,4,2500000,250000,10,170
133,67,1,1,KMEANS,1,_PARTIAL_SUM,1,CPU,7,1,5,VAR_PARALLELISM_LEVEL,25000,100,25000,100,1,1,MAX_INTER_MIN_INTRA,,MINOTAURO_1,2,8,1,128000000000,12000000000,SYNTHETIC_MEDIUM_10MB_3,10000000,FLOAT32,4,2500000,25000,100,170
134,67,2,1,KMEANS,1,_PARTIAL_SUM,2,GPU,7,1,5,VAR_PARALLELISM_LEVEL,25000,100,25000,100,1,1,MAX_INTER_MIN_INTRA,,MINOTAURO_1,2,8,1,128000000000,12000000000,SYNTHETIC_MEDIUM_10MB_3,10000000,FLOAT32,4,2500000,25000,100,170
135,68,1,1,KMEANS,1,_PARTIAL_SUM,1,CPU,8,1,5,VAR_PARALLELISM_LEVEL,1581,1581,1581,1581,1,1,MAX_INTER_MIN_INTRA,,MINOTAURO_1,2,8,1,128000000000,12000000000,SYNTHETIC_MEDIUM_10MB_4,10000000,FLOAT32,4,2499561,1581,1581,170
136,68,2,1,KMEANS,1,_PARTIAL_SUM,2,GPU,8,1,5,VAR_PARALLELISM_LEVEL,1581,1581,1581,1581,1,1,MAX_INTER_MIN_INTRA,,MINOTAURO_1,2,8,1,128000000000,12000000000,SYNTHETIC_MEDIUM_10MB_4,10000000,FLOAT32,4,2499561,1581,1581,170
137,69,1,1,KMEANS,1,_PARTIAL_SUM,1,CPU,9,1,5,VAR_PARALLELISM_LEVEL,2500000000,1,2500000000,1,1,1,MAX_INTER_MIN_INTRA,,MINOTAURO_1,2,8,1,128000000000,12000000000,SYNTHETIC_BIG_10GB_1,10000000000,FLOAT32,4,2500000000,2500000000,1,170
138,69,2,1,KMEANS,1,_PARTIAL_SUM,2,GPU,9,1,5,VAR_PARALLELISM_LEVEL,2500000000,1,2500000000,1,1,1,MAX_INTER_MIN_INTRA,,MINOTAURO_1,2,8,1,128000000000,12000000000,SYNTHETIC_BIG_10GB_1,10000000000,FLOAT32,4,2500000000,2500000000,1,170
139,70,1,1,KMEANS,1,_PARTIAL_SUM,1,CPU,10,1,5,VAR_PARALLELISM_LEVEL,250000000,10,250000000,10,1,1,MAX_INTER_MIN_INTRA,,MINOTAURO_1,2,8,1,128000000000,12000000000,SYNTHETIC_BIG_10GB_2,10000000000,FLOAT32,4,2500000000,250000000,10,170
140,70,2,1,KMEANS,1,_PARTIAL_SUM,2,GPU,10,1,5,VAR_PARALLELISM_LEVEL,250000000,10,250000000,10,1,1,MAX_INTER_MIN_INTRA,,MINOTAURO_1,2,8,1,128000000000,12000000000,SYNTHETIC_BIG_10GB_2,10000000000,FLOAT32,4,2500000000,250000000,10,170
141,71,1,1,KMEANS,1,_PARTIAL_SUM,1,CPU,11,1,5,VAR_PARALLELISM_LEVEL,25000000,100,25000000,100,1,1,MAX_INTER_MIN_INTRA,,MINOTAURO_1,2,8,1,128000000000,12000000000,SYNTHETIC_BIG_10GB_3,10000000000,FLOAT32,4,2500000000,25000000,100,170
142,71,2,1,KMEANS,1,_PARTIAL_SUM,2,GPU,11,1,5,VAR_PARALLELISM_LEVEL,25000000,100,25000000,100,1,1,MAX_INTER_MIN_INTRA,,MINOTAURO_1,2,8,1,128000000000,12000000000,SYNTHETIC_BIG_10GB_3,10000000000,FLOAT32,4,2500000000,25000000,100,170
143,72,1,1,KMEANS,1,_PARTIAL_SUM,1,CPU,12,1,5,VAR_PARALLELISM_LEVEL,50000,50000,50000,50000,1,1,MAX_INTER_MIN_INTRA,,MINOTAURO_1,2,8,1,128000000000,12000000000,SYNTHETIC_BIG_10GB_4,10000000000,FLOAT32,4,2500000000,50000,50000,170
144,72,2,1,KMEANS,1,_PARTIAL_SUM,2,GPU,12,1,5,VAR_PARALLELISM_LEVEL,50000,50000,50000,50000,1,1,MAX_INTER_MIN_INTRA,,MINOTAURO_1,2,8,1,128000000000,12000000000,SYNTHETIC_BIG_10GB_4,10000000000,FLOAT32,4,2500000000,50000,50000,170
